{
    "overall_precision": 0.2639593908629442,
    "overall_recall": 0.2374429223744292,
    "type_results": {
        "access_control": {
            "precision": 0.23076923076923078,
            "recall": 0.125
        },
        "arithmetic": {
            "precision": 0.4090909090909091,
            "recall": 0.391304347826087
        },
        "bad_randomness": {
            "precision": 0.23076923076923078,
            "recall": 0.17647058823529413
        },
        "denial_of_service": {
            "precision": 0.25,
            "recall": 0.21428571428571427
        },
        "front_running": {
            "precision": 0.4,
            "recall": 0.2857142857142857
        },
        "other": {
            "precision": 0.25,
            "recall": 0.2
        },
        "reentrancy": {
            "precision": 0.09375,
            "recall": 0.09375
        },
        "short_addresses": {
            "precision": 0,
            "recall": 0.0
        },
        "time_manipulation": {
            "precision": 0.3333333333333333,
            "recall": 0.2857142857142857
        },
        "unchecked_low_level_calls": {
            "precision": 0.2987012987012987,
            "recall": 0.3194444444444444
        }
    }
}